Dia;Mês;Ano;Produto;M.C.
30;9;2026;AGRIAO;4,55
30;9;2026;ALECRIM;28,57
30;9;2026;ALFACE AMERICANA;5,00
30;9;2026;ALFACE CRESPA;5,00
30;9;2026;ALFACE LISA;5,00
30;9;2026;ALHO PORRO;15,65
30;9;2026;ALMEIRAO;1,82
30;9;2026;BROCOLO COMUM;5,26
30;9;2026;BROCOLO NINJA;4,17
30;9;2026;CEBOLINHA;5,26
30;9;2026;CHICORIA;3,45
30;9;2026;COENTRO;5,26
30;9;2026;COUVE;4,55
30;9;2026;COUVE-FLOR BRANCA GRAUDA;21,00
30;9;2026;ESPINAFRE PRIMEIRA;8,00
30;9;2026;HORTELA;9,09
30;9;2026;MANJERICAO;16,67
30;9;2026;MOSTARDA;3,57
30;9;2026;REPOLHO HIBRIDO EXTRA;0,82
30;9;2026;REPOLHO ROXO EXTRA;1,60
30;9;2026;RUCULA;5,56
30;9;2026;SALSA;5,88
30;9;2026;SALSAO;8,00
30;9;2026;SERRALHA;4,55
30;9;2026;TAIOBA;14,29
30;9;2026;ABOBORA JACARE MADURA;1,58
30;9;2026;ABOBORA MARANHAO;2,11
30;9;2026;ABÓBORA JACARE VERDE;4,67
30;9;2026;ABOBORA JAPONESA;2,11
30;9;2026;ABOBRINHA PRINCESA;2,44
30;9;2026;ABOBRINHA ITALIANA EXTRA;2,66
30;9;2026;BERINJELA EXTRA;3,38
30;9;2026;CHUCHU EXTRA;1,39
30;9;2026;JILO COMPRIDO EXTRA;4,14
30;9;2026;JILO REDONDO EXTRA;4,14
30;9;2026;MAXIXE;6,67
30;9;2026;MILHO VERDE COM PALHA;3,43
30;9;2026;PEPINO JAPONES;3,09
30;9;2026;PEPINO COMUM EXTRA A;2,41
30;9;2026;PIMENTAO AMARELO;7,75
30;9;2026;PIMENTAO VERMELHO;7,75
30;9;2026;PIMENTAO VERDE EXTRA A;5,19
30;9;2026;QUIABO EXTRA;6,67
30;9;2026;TOMATE CEREJA;5,33
30;9;2026;TOMATE ITALIANO;8,63
30;9;2026;TOMATE LONGA VIDA EXTRA AA;8,57
30;9;2026;TOMATE LONGA VIDA EXTRA A;6,78
30;9;2026;VAGEM RASTEIRA;10,12
30;9;2026;VAGEM MACARRAO EXTRA;4,85
30;9;2026;AIPIM EXTRA;2,93
30;9;2026;ALHO BRASILEIRO N.5/6;18,00
30;9;2026;ALHO BRASILEIRO ROXO;16,00
30;9;2026;ALHO IMP BRANCO CHINES;20,33
30;9;2026;BATATA BAROA EXTRA A;7,33
30;9;2026;BATATA LISA AGATHA ESP;3,70
30;9;2026;BATATA LISA AGATHA PRIM;2,35
30;9;2026;BATATA DOCE EXTRA;3,75
30;9;2026;BATATA DOCE ESPECIAL;3,00
30;9;2026;BATATA LISA ASTER.ESP;4,40
30;9;2026;BETERRABA EXTRA;3,00
30;9;2026;BETERRABA ESPECIAL;2,00
30;9;2026;CARA EXTRA;3,51
30;9;2026;CEBOLA AMARELA C3;5,44
30;9;2026;CEBOLA AMARELA C2;4,19
30;9;2026;CEBOLA AMARELA C4;5,44
30;9;2026;CEBOLA ROXA C3;6,25
30;9;2026;CENOURA EXTRA A;3,53
30;9;2026;CENOURA EXTRA;2,67
30;9;2026;GENGIBRE EXTRA;2,14
30;9;2026;INHAME DEDO EXTRA;5,81
30;9;2026;RABANETE;2,11
30;9;2026;ABACATE COMUM EXTRA;2,15
30;9;2026;ABACAXI PEROLA MIUDO;2,00
30;9;2026;ABACAXI PEROLA GRAUDO;6,17
30;9;2026;ABACAXI PEROLA MEDIO;4,00
30;9;2026;BANANA FIGO CLIM EXT;3,00
30;9;2026;BANANA MACA CLIM EXT;4,50
30;9;2026;BANANA MACA CLIM PRIM;3,00
30;9;2026;BANANA NANICA CLIM EXTRA;4,00
30;9;2026;BANANA NANICA CLIM PRIMEIRA;2,40
30;9;2026;BANANA NANICA CLIM SEG;1,85
30;9;2026;BANANA OURO CLIM EXTRA;4,50
30;9;2026;BANANA OURO CLIM PRIM;3,00
30;9;2026;BANANA PRATA CLIM EXT;4,50
30;9;2026;BANANA PRATA CLIM PRIM;2,63
30;9;2026;BANANA PRATA CLIM SEG;1,63
30;9;2026;BANANA TERRA CLIM EXTRA;6,00
30;9;2026;BANANA TERRA CLIM PRIM;4,80
30;9;2026;BANANA TERRA CLIM SEG;3,20
30;9;2026;COCO SECO;7,00
30;9;2026;COCO VERDE GRANDE;3,00
30;9;2026;GOIABA VERMELHA EXTRA;5,13
30;9;2026;GRAVIOLA;9,75
30;9;2026;LARANJA BAIA T 84-120;4,69
30;9;2026;LARANJA LIMA;4,69
30;9;2026;LARANJA PERA TIPO 96 -140;1,75
30;9;2026;LARANJA PERA TIPO 64 - 88;1,60
30;9;2026;LARANJA PERA TIPO 150 -216;1,50
30;9;2026;LIMA DA PERSIA;5,37
30;9;2026;LIMAO SICILIANO;8,59
30;9;2026;LIMAO TAHITI T 256-324;8,17
30;9;2026;MACA FUJI CAT. 1 T. 110-120;7,04
30;9;2026;MACA FUJI CAT. 1 T.135-150;6,48
30;9;2026;MACA GALA CAT. 1 T. 110-120;6,94
30;9;2026;MACA GALA CAT. 1 T. 135-150;6,56
30;9;2026;MAMAO FORMOSA;4,50
30;9;2026;MAMAO HAWAY TIPO 21;3,53
30;9;2026;MAMAO HAWAY TIPO 18;3,19
30;9;2026;MANGA PALMER EXTRA;4,13
30;9;2026;MANGA TOMMY EXTRA;3,70
30;9;2026;MARACUJA AZEDO EXTRA AAA;8,00
30;9;2026;MARACUJA AZEDO EXTRA AA;6,33
30;9;2026;MELANCIA BABY;4,21
30;9;2026;MELANCIA REDONDA GRAUDA;2,48
30;9;2026;MELAO ORANGE;12,33
30;9;2026;MELAO PELE DE SAPO;5,88
30;9;2026;MELAO AMARELO EXTRA;10,00
30;9;2026;MELAO AMARELO PRIMEIRA;7,13
30;9;2026;MELAO AMARELO SEGUNDA;4,81
30;9;2026;MORANGO GRAUDO;28,75
30;9;2026;MORANGO MÉDIO;20,00
30;9;2026;TANGERINA MURCOTT GRAUDA;5,25
30;9;2026;UVA RED GLOBE;17,29
30;9;2026;UVA CRIMSON;12,00
30;9;2026;UVA BENITAKA EXTRA A;12,00
30;9;2026;UVA ITALIA EXTRA;11,02
30;9;2026;UVA NIAGARA EXTRA;15,00
30;9;2026;AMEIXA IMPORTADA;16,33
30;9;2026;KIWI IMPORTADO;23,67
30;9;2026;MACA GRAND SMITH EXTRA;13,09
30;9;2026;MACA RED DELICIOUS EXTRA;12,16
30;9;2026;NECTARINA IMPORTADA;16,50
30;9;2026;PERA D'ANJOU;8,64
30;9;2026;PERA PORTUGUESA;14,44
30;9;2026;PERA PACK TRIUMPH;8,61
30;9;2026;PERA WILLIAMS;11,94
30;9;2026;PESSEGO IMPORTADO;12,81
30;9;2026;OVOS CODORNA;105,00
30;9;2026;OVOS GRANJA BRANCO EXTRA;132,00
30;9;2026;OVOS GRANJA BCO GRANDE;127,00
30;9;2026;OVOS GRANJA VERMELHO EXTRA;170,00
30;9;2026;OVOS GRANJA VERM GRAND;165,00
30;9;2026;AMENDOIM COM CASCA;7,60
30;9;2026;FEIJAO PRETO;6,00
30;9;2026;FEIJAO VERMELHO;6,33
30;9;2026;MILHO SECO;2,00
30;9;2026;FAR.DE MANDIOCA;4,53
30;9;2026;FUBA;4,00
30;9;2026;UVA PASSAS;14,10
2;10;2026;AGRIAO;4,55
2;10;2026;ALECRIM;14,29
2;10;2026;ALFACE AMERICANA;5,28
2;10;2026;ALFACE CRESPA;5,28
2;10;2026;ALFACE LISA;5,28
2;10;2026;ALHO PORRO;16,52
2;10;2026;ALMEIRAO;1,82
2;10;2026;BROCOLO COMUM;5,26
2;10;2026;BROCOLO NINJA;4,67
2;10;2026;CEBOLINHA;5,26
2;10;2026;CHICORIA;3,45
2;10;2026;COENTRO;5,26
2;10;2026;COUVE;4,55
2;10;2026;COUVE-FLOR BRANCA GRAUDA;24,00
2;10;2026;ESPINAFRE PRIMEIRA;4,00
2;10;2026;HORTELA;9,09
2;10;2026;MANJERICAO;16,67
2;10;2026;MOSTARDA;3,67
2;10;2026;REPOLHO HIBRIDO EXTRA;1,12
2;10;2026;REPOLHO ROXO EXTRA;1,80
2;10;2026;RUCULA;5,56
2;10;2026;SALSA;5,88
2;10;2026;SALSAO;8,33
2;10;2026;ABOBORA JACARE MADURA;1,58
2;10;2026;ABOBORA MARANHAO;2,11
2;10;2026;ABÓBORA JACARE VERDE;4,93
2;10;2026;ABOBORA JAPONESA;2,11
2;10;2026;ABOBRINHA PRINCESA;2,02
2;10;2026;ABOBRINHA ITALIANA EXTRA;2,15
2;10;2026;BERINJELA EXTRA;2,69
2;10;2026;CHUCHU EXTRA;1,20
2;10;2026;JILO COMPRIDO EXTRA;4,29
2;10;2026;JILO REDONDO EXTRA;4,29
2;10;2026;MAXIXE;5,67
2;10;2026;MILHO VERDE COM PALHA;3,29
2;10;2026;MILHO VERDE SEM PALHA;7,25
2;10;2026;PEPINO JAPONES;2,87
2;10;2026;PEPINO COMUM EXTRA A;3,33
2;10;2026;PIMENTAO AMARELO;8,33
2;10;2026;PIMENTAO VERMELHO;8,33
2;10;2026;PIMENTAO VERDE EXTRA A;4,26
2;10;2026;QUIABO EXTRA;6,91
2;10;2026;TOMATE CEREJA;4,33
2;10;2026;TOMATE ITALIANO;7,56
2;10;2026;TOMATE LONGA VIDA EXTRA AA;7,38
2;10;2026;TOMATE LONGA VIDA EXTRA A;4,75
2;10;2026;VAGEM RASTEIRA;9,86
2;10;2026;VAGEM MACARRAO EXTRA;4,89
2;10;2026;AIPIM EXTRA;3,00
2;10;2026;ALHO BRASILEIRO N.5/6;18,00
2;10;2026;ALHO IMP BRANCO CHINES;21,13
2;10;2026;BATATA BAROA EXTRA A;7,75
2;10;2026;BATATA LISA AGATHA ESP;4,00
2;10;2026;BATATA LISA AGATHA PRIM;2,67
2;10;2026;BATATA DOCE EXTRA;3,83
2;10;2026;BATATA DOCE ESPECIAL;3,25
2;10;2026;BATATA LISA ASTER.ESP;4,15
2;10;2026;BETERRABA EXTRA;3,17
2;10;2026;BETERRABA ESPECIAL;2,65
2;10;2026;CARA EXTRA;3,95
2;10;2026;CEBOLA AMARELA C3;5,19
2;10;2026;CEBOLA AMARELA C2;4,00
2;10;2026;CEBOLA AMARELA C4;5,19
2;10;2026;CEBOLA ROXA C3;6,25
2;10;2026;CENOURA EXTRA A;3,67
2;10;2026;CENOURA EXTRA;3,00
2;10;2026;GENGIBRE EXTRA;2,14
2;10;2026;INHAME DEDO EXTRA;4,50
2;10;2026;ABACATE COMUM EXTRA;2,18
2;10;2026;ABACAXI PEROLA MIUDO;2,00
2;10;2026;ABACAXI PEROLA GRAUDO;6,38
2;10;2026;ABACAXI PEROLA MEDIO;4,38
2;10;2026;BANANA FIGO CLIM EXT;3,00
2;10;2026;BANANA MACA CLIM EXT;4,50
2;10;2026;BANANA MACA CLIM PRIM;3,00
2;10;2026;BANANA NANICA CLIM EXTRA;4,00
2;10;2026;BANANA NANICA CLIM PRIMEIRA;2,33
2;10;2026;BANANA NANICA CLIM SEG;1,58
2;10;2026;BANANA OURO CLIM EXTRA;4,50
2;10;2026;BANANA OURO CLIM PRIM;3,00
2;10;2026;BANANA PRATA CLIM EXT;4,50
2;10;2026;BANANA PRATA CLIM PRIM;2,50
2;10;2026;BANANA PRATA CLIM SEG;1,83
2;10;2026;BANANA TERRA CLIM EXTRA;6,00
2;10;2026;BANANA TERRA CLIM PRIM;4,50
2;10;2026;BANANA TERRA CLIM SEG;2,92
2;10;2026;COCO SECO;7,00
2;10;2026;COCO VERDE GRANDE;3,00
2;10;2026;GOIABA VERMELHA EXTRA;5,63
2;10;2026;LARANJA BAIA T 84-120;4,69
2;10;2026;LARANJA LIMA;4,34
2;10;2026;LARANJA PERA TIPO 96 -140;1,75
2;10;2026;LARANJA PERA TIPO 64 - 88;1,65
2;10;2026;LARANJA PERA TIPO 150 -216;1,60
2;10;2026;LIMA DA PERSIA;5,38
2;10;2026;LIMAO SICILIANO;8,33
2;10;2026;LIMAO TAHITI T 256-324;8,25
2;10;2026;MACA FUJI CAT. 1 T. 110-120;6,71
2;10;2026;MACA FUJI CAT. 1 T.135-150;6,11
2;10;2026;MACA GALA CAT. 1 T. 110-120;6,85
2;10;2026;MACA GALA CAT. 1 T. 135-150;6,30
2;10;2026;MAMAO FORMOSA;4,50
2;10;2026;MAMAO HAWAY TIPO 21;2,66
2;10;2026;MAMAO HAWAY TIPO 18;2,96
2;10;2026;MANGA PALMER EXTRA;4,13
2;10;2026;MANGA TOMMY EXTRA;4,00
2;10;2026;MARACUJA AZEDO EXTRA AAA;8,25
2;10;2026;MARACUJA AZEDO EXTRA AA;6,63
2;10;2026;MELANCIA BABY;4,28
2;10;2026;MELANCIA REDONDA GRAUDA;2,48
2;10;2026;MELAO ORANGE;11,67
2;10;2026;MELAO PELE DE SAPO;5,24
2;10;2026;MELAO AMARELO EXTRA;9,76
2;10;2026;MELAO AMARELO PRIMEIRA;6,95
2;10;2026;MELAO AMARELO SEGUNDA;4,64
2;10;2026;MORANGO GRAUDO;25,00
2;10;2026;MORANGO MÉDIO;18,17
2;10;2026;TANGERINA MURCOTT GRAUDA;5,50
2;10;2026;UVA RED GLOBE;17,58
2;10;2026;UVA CRIMSON;12,33
2;10;2026;UVA BENITAKA EXTRA A;12,00
2;10;2026;UVA ITALIA EXTRA;11,25
2;10;2026;UVA NIAGARA EXTRA;14,53
2;10;2026;AMEIXA IMPORTADA;16,32
2;10;2026;KIWI IMPORTADO;22,99
2;10;2026;MACA GRAND SMITH EXTRA;12,73
2;10;2026;MACA RED DELICIOUS EXTRA;12,07
2;10;2026;NECTARINA IMPORTADA;15,67
2;10;2026;PERA D'ANJOU;8,89
2;10;2026;PERA PORTUGUESA;13,88
2;10;2026;PERA PACK TRIUMPH;8,40
2;10;2026;PERA WILLIAMS;11,39
2;10;2026;PESSEGO IMPORTADO;12,50
2;10;2026;OVOS CODORNA;106,00
2;10;2026;OVOS GRANJA BRANCO EXTRA;138,00
2;10;2026;OVOS GRANJA BCO GRANDE;133,00
2;10;2026;OVOS GRANJA VERMELHO EXTRA;174,00
2;10;2026;OVOS GRANJA VERM GRAND;169,00
2;10;2026;AMENDOIM COM CASCA;7,68
2;10;2026;FEIJAO PRETO;5,79
2;10;2026;FEIJAO VERMELHO;6,33
2;10;2026;MILHO SECO;2,00
2;10;2026;FAR.DE MANDIOCA;4,40
2;10;2026;FUBA;4,00
2;10;2026;UVA PASSAS;14,00
5;10;2026;AGRIAO;4,55
5;10;2026;ALECRIM;14,29
5;10;2026;ALFACE AMERICANA;4,17
5;10;2026;ALFACE CRESPA;4,17
5;10;2026;ALFACE LISA;4,17
5;10;2026;ALHO PORRO;9,78
5;10;2026;ALMEIRAO;1,82
5;10;2026;BROCOLO COMUM;5,26
5;10;2026;BROCOLO NINJA;5,63
5;10;2026;CEBOLINHA;5,26
5;10;2026;CHICORIA;3,45
5;10;2026;COENTRO;5,26
5;10;2026;COUVE;4,55
5;10;2026;COUVE CHINESA;1,18
5;10;2026;COUVE-FLOR BRANCA GRAUDA;24,00
5;10;2026;ESPINAFRE PRIMEIRA;4,00
5;10;2026;HORTELA;9,09
5;10;2026;MANJERICAO;8,33
5;10;2026;MOSTARDA;3,57
5;10;2026;REPOLHO HIBRIDO EXTRA;1,09
5;10;2026;REPOLHO ROXO EXTRA;2,25
5;10;2026;RUCULA;5,56
5;10;2026;SALSA;5,88
5;10;2026;SALSAO;5,67
5;10;2026;SERRALHA;4,55
5;10;2026;TAIOBA;7,14
5;10;2026;ABOBORA JACARE MADURA;2,01
5;10;2026;ABOBORA MARANHAO;2,11
5;10;2026;ABÓBORA JACARE VERDE;5,33
5;10;2026;ABOBORA JAPONESA;2,11
5;10;2026;ABOBRINHA PRINCESA;1,76
5;10;2026;ABOBRINHA ITALIANA EXTRA;1,88
5;10;2026;BERINJELA EXTRA;2,50
5;10;2026;CHUCHU EXTRA;1,22
5;10;2026;JILO COMPRIDO EXTRA;4,55
5;10;2026;JILO REDONDO EXTRA;4,55
5;10;2026;MAXIXE;6,67
5;10;2026;MILHO VERDE COM PALHA;3,29
5;10;2026;MILHO VERDE SEM PALHA;7,00
5;10;2026;PEPINO JAPONES;2,46
5;10;2026;PEPINO COMUM EXTRA A;2,47
5;10;2026;PIMENTAO VERDE EXTRA A;5,56
5;10;2026;QUIABO EXTRA;5,45
5;10;2026;TOMATE CEREJA;4,75
5;10;2026;TOMATE ITALIANO;8,75
5;10;2026;TOMATE LONGA VIDA EXTRA AA;7,56
5;10;2026;TOMATE LONGA VIDA EXTRA A;5,38
5;10;2026;VAGEM RASTEIRA;8,89
5;10;2026;AIPIM EXTRA;3,00
5;10;2026;ALHO BRASILEIRO N.5/6;18,00
5;10;2026;ALHO IMP BRANCO CHINES;21,00
5;10;2026;BATATA BAROA EXTRA A;8,00
5;10;2026;BATATA LISA AGATHA ESP;6,25
5;10;2026;BATATA LISA AGATHA PRIM;4,50
5;10;2026;BATATA DOCE EXTRA;4,00
5;10;2026;BATATA DOCE ESPECIAL;3,00
5;10;2026;BATATA LISA ASTER.ESP;4,53
5;10;2026;BETERRABA EXTRA;3,00
5;10;2026;BETERRABA ESPECIAL;2,09
5;10;2026;CARA EXTRA;3,51
5;10;2026;CEBOLA AMARELA C3;5,50
5;10;2026;CEBOLA AMARELA C2;4,09
5;10;2026;CEBOLA AMARELA C4;5,50
5;10;2026;CEBOLA ROXA C3;6,00
5;10;2026;CENOURA EXTRA A;3,42
5;10;2026;CENOURA EXTRA;2,38
5;10;2026;GENGIBRE EXTRA;2,54
5;10;2026;INHAME DEDO EXTRA;5,00
5;10;2026;ABACATE COMUM EXTRA;2,35
5;10;2026;ABACAXI PEROLA MIUDO;2,80
5;10;2026;ABACAXI PEROLA GRAUDO;6,43
5;10;2026;ABACAXI PEROLA MEDIO;4,20
5;10;2026;BANANA FIGO CLIM EXT;3,00
5;10;2026;BANANA MACA CLIM EXT;4,13
5;10;2026;BANANA MACA CLIM PRIM;3,00
5;10;2026;BANANA NANICA CLIM EXTRA;4,00
5;10;2026;BANANA NANICA CLIM PRIMEIRA;2,20
5;10;2026;BANANA NANICA CLIM SEG;1,65
5;10;2026;BANANA OURO CLIM EXTRA;4,50
5;10;2026;BANANA OURO CLIM PRIM;3,00
5;10;2026;BANANA PRATA CLIM EXT;4,50
5;10;2026;BANANA PRATA CLIM PRIM;2,50
5;10;2026;BANANA PRATA CLIM SEG;1,83
5;10;2026;BANANA TERRA CLIM EXTRA;6,00
5;10;2026;BANANA TERRA CLIM PRIM;4,33
5;10;2026;BANANA TERRA CLIM SEG;3,00
5;10;2026;COCO SECO;7,00
5;10;2026;COCO VERDE GRANDE;3,00
5;10;2026;GOIABA VERMELHA EXTRA;5,60
5;10;2026;LARANJA BAIA T 84-120;4,69
5;10;2026;LARANJA LIMA;4,09
5;10;2026;LARANJA PERA TIPO 96 -140;1,80
5;10;2026;LARANJA PERA TIPO 64 - 88;1,60
5;10;2026;LARANJA PERA TIPO 150 -216;1,50
5;10;2026;LIMA DA PERSIA;5,44
5;10;2026;LIMAO SICILIANO;8,54
5;10;2026;LIMAO TAHITI T 256-324;10,33
5;10;2026;MACA FUJI CAT. 1 T. 110-120;6,81
5;10;2026;MACA FUJI CAT. 1 T.135-150;6,04
5;10;2026;MACA GALA CAT. 1 T. 110-120;6,88
5;10;2026;MACA GALA CAT. 1 T. 135-150;6,32
5;10;2026;MAMAO HAWAY TIPO 21;3,63
5;10;2026;MAMAO HAWAY TIPO 18;4,95
5;10;2026;MANGA PALMER EXTRA;4,00
5;10;2026;MANGA TOMMY EXTRA;3,81
5;10;2026;MARACUJA AZEDO EXTRA AAA;10,00
5;10;2026;MARACUJA AZEDO EXTRA AA;8,00
5;10;2026;MELANCIA BABY;4,24
5;10;2026;MELANCIA REDONDA GRAUDA;2,43
5;10;2026;MELAO ORANGE;11,67
5;10;2026;MELAO PELE DE SAPO;5,25
5;10;2026;MELAO AMARELO EXTRA;9,80
5;10;2026;MELAO AMARELO PRIMEIRA;7,00
5;10;2026;MELAO AMARELO SEGUNDA;4,65
5;10;2026;MORANGO GRAUDO;25,00
5;10;2026;MORANGO MÉDIO;18,33
5;10;2026;TANGERINA MURCOTT GRAUDA;5,50
5;10;2026;UVA RED GLOBE;17,34
5;10;2026;UVA CRIMSON;12,00
5;10;2026;UVA BENITAKA EXTRA A;12,00
5;10;2026;UVA ITALIA EXTRA;11,25
5;10;2026;UVA NIAGARA EXTRA;14,00
5;10;2026;AMEIXA IMPORTADA;16,22
5;10;2026;KIWI IMPORTADO;23,82
5;10;2026;MACA GRAND SMITH EXTRA;12,73
5;10;2026;MACA RED DELICIOUS EXTRA;12,07
5;10;2026;NECTARINA IMPORTADA;16,13
5;10;2026;PERA D'ANJOU;8,89
5;10;2026;PERA PORTUGUESA;13,61
5;10;2026;PERA PACK TRIUMPH;8,43
5;10;2026;PERA WILLIAMS;11,39
5;10;2026;PESSEGO IMPORTADO;11,51
5;10;2026;OVOS CODORNA;101,00
5;10;2026;OVOS GRANJA BRANCO EXTRA;139,00
5;10;2026;OVOS GRANJA BCO GRANDE;134,00
5;10;2026;OVOS GRANJA VERMELHO EXTRA;170,00
5;10;2026;OVOS GRANJA VERM GRAND;165,00
5;10;2026;AMENDOIM COM CASCA;7,56
5;10;2026;FEIJAO PRETO;5,96
5;10;2026;FEIJAO VERMELHO;6,17
5;10;2026;MILHO SECO;2,00
5;10;2026;FAR.DE MANDIOCA;4,40
5;10;2026;FUBA;4,00
5;10;2026;UVA PASSAS;13,70
